date,tmax,tmin
2022-09-01,70.232,57.70399999999999
2022-09-02,81.482,51.332
2022-09-03,84.956,59.792
2022-09-04,79.10600000000001,61.232
2022-09-05,70.142,60.836
2022-09-06,72.536,62.636
2022-09-07,69.494,61.16
2022-09-08,78.71,59.396
2022-09-09,82.472,59.288
2022-09-10,81.968,60.206
2022-09-11,69.25999999999999,62.114
2022-09-12,80.654,61.268
2022-09-13,67.532,57.056
2022-09-14,76.262,56.084
2022-09-15,65.984,47.641999999999996
2022-09-16,68.918,47.768
2022-09-17,80.15,52.574
2022-09-18,80.384,63.464
2022-09-19,74.39,63.212
2022-09-20,71.078,58.748000000000005
2022-09-21,79.502,53.51
2022-09-22,69.08,47.246
2022-09-23,53.42,42.007999999999996
2022-09-24,64.436,42.260000000000005
2022-09-25,63.842,48.29
2022-09-26,63.068,52.43
2022-09-27,58.892,52.268
2022-09-28,59.738,45.806
2022-09-29,58.658,41.45
2022-09-30,61.7,36.5
2022-10-01,62.978,45.068
2022-10-02,58.586,40.514
2022-10-03,56.192,37.418
2022-10-04,60.098,41.792
2022-10-05,67.55,40.316
2022-10-06,70.844,46.112
2022-10-07,57.164,44.042
2022-10-08,52.628,37.598
2022-10-09,57.83,41.036
2022-10-10,56.084,42.206
2022-10-11,69.674,38.984
2022-10-12,65.786,47.534
2022-10-13,65.336,48.397999999999996
2022-10-14,61.214,42.206
2022-10-15,66.92,43.394
2022-10-16,61.34,39.488
2022-10-17,57.974000000000004,40.046
2022-10-18,49.586,35.006
2022-10-19,46.22,32.882
2022-10-20,46.796,37.454
2022-10-21,60.440000000000005,34.07
2022-10-22,68.414,42.728
2022-10-23,65.498,41.432
2022-10-24,67.19,47.174
2022-10-25,70.988,52.214
2022-10-26,71.06,52.916
2022-10-27,51.385999999999996,34.358
2022-10-28,52.664,30.83
2022-10-29,62.726,34.286
2022-10-30,64.976,34.628
2022-10-31,62.492000000000004,42.044
2022-11-01,65.174,46.922
2022-11-02,65.3,43.322
2022-11-03,67.69399999999999,43.304
2022-11-04,69.134,48.11
2022-11-05,71.078,57.038
2022-11-06,73.13,58.658
2022-11-07,59.809999999999995,42.836
2022-11-08,48.074,29.84
2022-11-09,55.94,27.968
2022-11-10,65.822,41.774
2022-11-11,62.366,50.144
2022-11-12,62.438,38.93
2022-11-13,40.262,31.928
2022-11-14,38.192,28.454
2022-11-15,35.438,28.004
2022-11-16,37.958,30.542
2022-11-17,33.872,27.247999999999998
2022-11-18,33.782,25.61
2022-11-19,31.73,21.326
2022-11-20,27.536,21.416
2022-11-21,34.502,16.556
2022-11-22,39.092,27.5
2022-11-23,41.918,27.23
2022-11-24,47.408,27.662
2022-11-25,43.268,36.302
2022-11-26,49.135999999999996,32.108
2022-11-27,48.182,33.332
2022-11-28,45.482,26.654
2022-11-29,41.666,28.328
2022-11-30,47.426,30.56
2022-12-01,33.458,25.25
2022-12-02,40.766,23.396
2022-12-03,47.678000000000004,32.216
2022-12-04,36.446,26.942
2022-12-05,42.44,25.25
2022-12-06,42.692,32.828
2022-12-07,49.208,40.964
2022-12-08,41.54,25.862000000000002
2022-12-09,36.914,22.676000000000002
2022-12-10,38.39,22.802
2022-12-11,33.746,29.264
2022-12-12,30.776,19.76
2022-12-13,32.252,16.574
2022-12-14,29.822,13.928000000000004
2022-12-15,34.34,17.168
2022-12-16,33.404,29.786
2022-12-17,32.612,24.242
2022-12-18,29.678,20.714000000000002
2022-12-19,28.688,23.558
2022-12-20,29.084,12.271999999999998
2022-12-21,32.144,9.661999999999999
2022-12-22,32.846,23.108
2022-12-23,34.88,4.657999999999998
2022-12-24,10.058,4.190000000000005
2022-12-25,19.706,10.778000000000002
2022-12-26,19.958,12.794
2022-12-27,25.322,11.66
2022-12-28,34.646,19.472
2022-12-29,40.658,30.704
2022-12-30,52.268,38.894
2022-12-31,50.918,39.2
2023-01-01,43.34,30.272
2023-01-02,44.924,29.012
2023-01-03,41.432,31.784
2023-01-04,45.95,35.744
2023-01-05,45.32,33.584
2023-01-06,37.292,31.244
2023-01-07,35.942,21.128
2023-01-08,33.35,20.354
2023-01-09,34.448,25.448
2023-01-10,31.982,17.906
2023-01-11,33.998,15.529999999999998
2023-01-12,38.732,31.352
2023-01-13,37.418,22.694
2023-01-14,22.982,17.564
2023-01-15,27.5,11.911999999999999
2023-01-16,30.812,10.616
2023-01-17,39.02,21.128
2023-01-18,37.184,30.362000000000002
2023-01-19,34.268,29.624
2023-01-20,33.476,24.836
2023-01-21,32.54,22.424
2023-01-22,34.088,24.422
2023-01-23,31.406,25.880000000000003
2023-01-24,32.99,25.448
2023-01-25,33.404,22.748
2023-01-26,33.188,21.902
2023-01-27,31.946,21.398
2023-01-28,34.826,25.448
2023-01-29,36.734,24.188
2023-01-30,31.298,22.226
2023-01-31,22.802,16.178000000000004
2023-02-01,22.01,13.496000000000002
2023-02-02,31.532,13.46
2023-02-03,19.562,-4.5219999999999985
2023-02-04,14.431999999999999,-4.612000000000002
2023-02-05,36.752,14.954
2023-02-06,34.052,16.628000000000004
2023-02-07,37.49,14.341999999999999
2023-02-08,40.676,29.444
2023-02-09,45.968,30.434
2023-02-10,43.304,28.796
2023-02-11,33.386,26.366
2023-02-12,44.222,27.247999999999998
2023-02-13,47.012,27.32
2023-02-14,45.896,30.344
2023-02-15,58.334,35.42
2023-02-16,42.8,31.532
2023-02-17,47.534,22.586
2023-02-18,38.858,20.822
2023-02-19,40.046,29.624
2023-02-20,43.79,28.652
2023-02-21,41.468,26.402
2023-02-22,34.664,25.772
2023-02-23,33.602,28.31
2023-02-24,28.868,13.91
2023-02-25,25.16,10.778000000000002
2023-02-26,34.916,11.425999999999998
2023-02-27,32.846,14.485999999999997
2023-02-28,33.764,24.224
2023-03-01,34.61,22.262
2023-03-02,34.952,28.85
2023-03-03,37.076,24.35
2023-03-04,33.872,25.61
2023-03-05,35.834,26.348
2023-03-06,36.806,26.42
2023-03-07,29.534,23.756
2023-03-08,30.74,21.812
2023-03-09,33.674,23.576
2023-03-10,36.302,22.928
2023-03-11,32.414,23.846
2023-03-12,35.042,21.073999999999998
2023-03-13,38.084,29.012
2023-03-14,30.506,26.582
2023-03-15,31.208,16.988
2023-03-16,43.682,15.692
2023-03-17,43.664,31.352
2023-03-18,37.76,22.838
2023-03-19,28.4,21.74
2023-03-20,44.114000000000004,20.21
2023-03-21,49.568,31.172
2023-03-22,55.274,32.126
2023-03-23,51.782,31.082
2023-03-24,42.818,27.608
2023-03-25,40.658,28.274
2023-03-26,46.616,28.382
2023-03-27,44.653999999999996,28.256
2023-03-28,43.808,28.562
2023-03-29,48.704,24.817999999999998
2023-03-30,35.708,22.316
2023-03-31,45.644,27.644
2023-04-01,64.076,35.078
2023-04-02,35.114,23.9
2023-04-03,57.614,27.067999999999998
2023-04-04,55.076,38.372
2023-04-05,64.076,40.694
2023-04-06,60.332,36.95
2023-04-07,40.19,25.988
2023-04-08,48.056,24.458
2023-04-09,53.653999999999996,28.562
2023-04-10,62.564,31.298
2023-04-11,60.422,40.604
2023-04-12,69.764,46.616
2023-04-13,78.638,52.196
2023-04-14,82.202,50.54
2023-04-15,76.04599999999999,56.714
2023-04-16,76.47800000000001,52.664
2023-04-17,59.684000000000005,39.182
2023-04-18,46.885999999999996,33.44
2023-04-19,45.824,33.098
2023-04-20,61.772,33.872
2023-04-21,80.474,47.858000000000004
2023-04-22,64.688,43.664
2023-04-23,52.25,37.525999999999996
2023-04-24,48.416,34.682
2023-04-25,50.918,35.294
2023-04-26,51.332,36.914
2023-04-27,60.980000000000004,36.914
2023-04-28,57.938,42.44
2023-04-29,54.158,43.034
2023-04-30,57.92,46.292
2023-05-01,50.252,41.09
2023-05-02,51.188,38.624
2023-05-03,45.518,38.102000000000004
2023-05-04,54.32,38.228
2023-05-05,58.64,39.272
2023-05-06,64.976,38.696
2023-05-07,68.702,44.528
2023-05-08,62.221999999999994,45.338
2023-05-09,59.828,42.620000000000005
2023-05-10,65.84,38.552
2023-05-11,72.878,43.07
2023-05-12,75.488,51.746
2023-05-13,69.72800000000001,47.354
2023-05-14,56.84,42.458
2023-05-15,66.70400000000001,37.76
2023-05-16,69.44,45.482
2023-05-17,47.534,36.05
2023-05-18,63.716,34.034
2023-05-19,69.854,46.832
2023-05-20,67.118,49.586
2023-05-21,68.432,48.182
2023-05-22,70.232,47.03
2023-05-23,76.532,48.29
2023-05-24,66.884,41.647999999999996
2023-05-25,59.666,37.202
2023-05-26,66.65,41.918
2023-05-27,77.126,50.54
2023-05-28,77.594,55.922
2023-05-29,83.84,54.59
2023-05-30,86.072,57.002
2023-05-31,89.978,57.164
2023-06-01,90.014,57.668
2023-06-02,85.19,58.784000000000006
2023-06-03,75.614,52.7
2023-06-04,67.352,46.166
2023-06-05,70.412,49.82
2023-06-06,67.658,50.666
2023-06-07,64.544,49.262
2023-06-08,63.698,48.542
2023-06-09,61.808,48.182
2023-06-10,71.50999999999999,48.29
2023-06-11,80.816,54.338
2023-06-12,74.89399999999999,57.218
2023-06-13,73.166,54.5
2023-06-14,63.392,54.176
2023-06-15,73.634,54.842
2023-06-16,67.964,54.734
2023-06-17,69.602,52.628
2023-06-18,71.132,53.006
2023-06-19,78.53,53.906
2023-06-20,80.672,58.568
2023-06-21,79.304,59.576
2023-06-22,75.27199999999999,56.138
2023-06-23,81.428,62.924
2023-06-24,75.146,64.472
2023-06-25,83.3,62.708
2023-06-26,81.05,66.452
2023-06-27,78.908,65.89399999999999
2023-06-28,70.754,59.576
2023-06-29,77.95400000000001,56.246
2023-06-30,78.386,59.684000000000005
2023-07-01,81.572,65.96600000000001
2023-07-02,82.076,68
2023-07-03,87.962,66.30799999999999
2023-07-04,83.264,64.67
2023-07-05,95.342,64.79599999999999
2023-07-06,90.842,69.224
2023-07-07,85.586,68.234
2023-07-08,84.902,61.016000000000005
2023-07-09,84.30799999999999,64.616
2023-07-10,75.2,63.662
2023-07-11,86.19800000000001,61.232
2023-07-12,80.528,65.19200000000001
2023-07-13,84.09200000000001,64.904
2023-07-14,88.10600000000001,61.39399999999999
2023-07-15,84.956,65.012
2023-07-16,81.266,67.46
2023-07-17,86.43199999999999,65.246
2023-07-18,82.724,64.004
2023-07-19,80.42,60.763999999999996
2023-07-20,83.44399999999999,58.136
2023-07-21,79.05199999999999,63.428000000000004
2023-07-22,79.844,59.702
2023-07-23,88.14200000000001,59.342
2023-07-24,85.388,61.754000000000005
2023-07-25,85.55,64.238
2023-07-26,88.88000000000001,63.733999999999995
2023-07-27,84.938,66.758
2023-07-28,93.596,67.47800000000001
2023-07-29,79.736,57.218
2023-07-30,75.02,56.66
2023-07-31,74.318,57.938
2023-08-01,74.588,55.742
2023-08-02,82.364,52.772
2023-08-03,82.67,61.358
2023-08-04,79.862,65.012
2023-08-05,77.036,62.528000000000006
2023-08-06,81.5,57.56
2023-08-07,83.534,64.292
2023-08-08,74.732,64.4
2023-08-09,80.762,61.88
2023-08-10,73.75999999999999,62.528000000000006
2023-08-11,75.758,59.144
2023-08-12,83.138,58.226
2023-08-13,78.926,65.102
2023-08-14,79.358,62.257999999999996
2023-08-15,80.636,62.528000000000006
2023-08-16,79.232,64.958
2023-08-17,80.96,63.248000000000005
2023-08-18,71.294,58.459999999999994
2023-08-19,73.076,57.326
2023-08-20,88.07,57.416
2023-08-21,77.378,56.606
2023-08-22,75.56,52.178000000000004
2023-08-23,76.658,58.982
2023-08-24,70.44800000000001,61.772
2023-08-25,85.082,64.67
2023-08-26,78.746,62.257999999999996
2023-08-27,74.19200000000001,56.48
2023-08-28,72.896,55.562
2023-08-29,77.99000000000001,63.788
2023-08-30,73.13,57.848
2023-08-31,70.754,49.586
2023-09-01,79.286,50.756
2023-09-02,80.672,55.994
2023-09-03,86.918,62.00600000000001
2023-09-04,87.386,65.48
2023-09-05,88.646,64.652
2023-09-06,93.686,65.012
2023-09-07,88.034,67.00999999999999
2023-09-08,82.094,62.456
2023-09-09,76.04599999999999,60.62
2023-09-10,75.56,64.742
2023-09-11,74.55199999999999,61.466
2023-09-12,80.708,56.66
2023-09-13,73.202,53.708
2023-09-14,66.416,50.27
2023-09-15,70.682,48.128
2023-09-16,71.924,47.318
2023-09-17,70.25,51.746
2023-09-18,72.5,54.986
2023-09-19,67.676,50.522
2023-09-20,68.9,46.85
2023-09-21,71.492,47.138
2023-09-22,74.3,46.742
2023-09-23,62.33,52.07
2023-09-24,66.47,51.872
2023-09-25,72.248,54.176
2023-09-26,66.578,48.866
2023-09-27,67.80199999999999,43.897999999999996
2023-09-28,70.736,49.135999999999996
2023-09-29,74.714,52.268
2023-09-30,75.506,49.316
2023-10-01,78.08,53.258
2023-10-02,79.376,55.67
2023-10-03,84.704,56.984
2023-10-04,87.098,59.504
2023-10-05,82.076,56.516
2023-10-06,75.128,64.076
2023-10-07,63.662,48.83
2023-10-08,56.66,45.356
2023-10-09,57.326,44.204
2023-10-10,57.506,44.870000000000005
2023-10-11,60.709999999999994,44.870000000000005
2023-10-12,61.61,42.745999999999995
2023-10-13,59.846000000000004,39.596
2023-10-14,56.408,45.122
2023-10-15,51.8,43.034
2023-10-16,58.64,45.518
2023-10-17,57.397999999999996,46.202
2023-10-18,61.646,41.144
2023-10-19,61.754000000000005,41.324
2023-10-20,66.416,54.05
2023-10-21,54.464,46.4
2023-10-22,45.86,40.244
2023-10-23,54.788,37.58
2023-10-24,67.604,39.524
2023-10-25,73.346,53.582
2023-10-26,73.256,53.870000000000005
2023-10-27,76.316,56.462
2023-10-28,62.978,45.176
2023-10-29,49.28,36.536
2023-10-30,45.014,37.364
2023-10-31,45.014,35.384
2023-11-01,38.660000000000004,30.2
2023-11-02,46.616,29.048000000000002
2023-11-03,56.75,34.97
2023-11-04,55.706,43.358000000000004
2023-11-05,51.025999999999996,38.21
2023-11-06,48.938,34.304
2023-11-07,56.048,35.996
2023-11-08,37.13,27.212
2023-11-09,47.966,33.206
2023-11-10,51.476,37.778
2023-11-11,42.818,28.364
2023-11-12,41.378,24.35
2023-11-13,46.742,24.656
2023-11-14,44.816,29.174
2023-11-15,52.592,28.184
2023-11-16,59.414,34.16
2023-11-17,53.906,41.918
2023-11-18,41.9,30.74
2023-11-19,42.548,28.454
2023-11-20,37.022,22.622
2023-11-21,37.22,24.152
2023-11-22,41.684,35.726
2023-11-23,45.644,33.494
2023-11-24,35.942,26.474
2023-11-25,37.85,24.764000000000003
2023-11-26,40.388,26.240000000000002
2023-11-27,37.85,28.724
2023-11-28,27.842,23.09
2023-11-29,29.408,22.118
2023-11-30,42.260000000000005,22.567999999999998
2023-12-01,40.712,32.54
2023-12-02,45.032,34.772
2023-12-03,46.328,37.49
2023-12-04,41.234,32.162
2023-12-05,34.826,28.94
2023-12-06,31.262,25.898
2023-12-07,34.934,25.826
2023-12-08,44.870000000000005,29.552
2023-12-09,48.326,38.624
2023-12-10,47.3,32.774
2023-12-11,34.142,27.77
2023-12-12,40.46,25.7
2023-12-13,32.9,26.042
2023-12-14,37.832,22.928
2023-12-15,46.994,29.137999999999998
2023-12-16,45.77,32.972
2023-12-17,44.726,36.842
2023-12-18,43.034,31.424
2023-12-19,32.972,22.262
2023-12-20,36.554,22.676000000000002
2023-12-21,30.2,19.778
2023-12-22,34.196,17.024
2023-12-23,34.61,25.592
2023-12-24,36.86,32.324
2023-12-25,46.22,31.388
2023-12-26,45.392,33.98
2023-12-27,48.65,41.612
2023-12-28,47.228,40.117999999999995
2023-12-29,43.016,36.068
2023-12-30,35.816,28.742
2023-12-31,34.664,26.852
2024-01-01,29.966,24.314
2024-01-02,36.518,25.898
2024-01-03,35.942,29.624
2024-01-04,30.668,17.834
2024-01-05,29.894,20.66
2024-01-06,30.704,21.632
2024-01-07,29.768,23.666
2024-01-08,33.548,18.518
2024-01-09,38.732,24.836
2024-01-10,40.010000000000005,29.174
2024-01-11,34.52,28.778
2024-01-12,37.454,28.742
2024-01-13,40.135999999999996,27.734
2024-01-14,27.842,15.314
2024-01-15,21.722,11.533999999999999
2024-01-16,22.154,15.386
2024-01-17,16.556,11.732
2024-01-18,23.918,15.097999999999999
2024-01-19,21.758,10.670000000000002
2024-01-20,15.421999999999997,10.220000000000002
2024-01-21,21.542,12.128000000000004
2024-01-22,32.666,10.958000000000002
2024-01-23,33.71,26.348
2024-01-24,35.132,32.126
2024-01-25,41.702,33.458
2024-01-26,46.184,30.596
2024-01-27,40.964,29.84
2024-01-28,36.59,30.002
2024-01-29,31.73,26.060000000000002
2024-01-30,34.232,22.945999999999998
2024-01-31,38.822,28.652
2024-02-01,38.48,31.226
2024-02-02,37.202,26.168
2024-02-03,34.718,24.908
2024-02-04,38.084,25.178
2024-02-05,36.194,20.606
2024-02-06,36.86,16.628000000000004
2024-02-07,42.494,21.560000000000002
2024-02-08,46.544,29.822
2024-02-09,53.726,34.358
2024-02-10,53.33,33.422
2024-02-11,38.732,26.546
2024-02-12,36.806,26.078
2024-02-13,36.842,25.394
2024-02-14,26.258,18.716
2024-02-15,33.08,17.636
2024-02-16,30.506,24.35
2024-02-17,24.548000000000002,16.79
2024-02-18,27.158,17.096
2024-02-19,24.998,11.93
2024-02-20,35.978,8.294
2024-02-21,40.370000000000005,20.084
2024-02-22,37.004,30.884
2024-02-23,47.318,25.268
2024-02-24,23.701999999999998,11.462
2024-02-25,39.614000000000004,11.354
2024-02-26,47.282,31.478
2024-02-27,59.468,34.808
2024-02-28,57.434,21.83
2024-02-29,25.196,21.722
2024-03-01,45.284,18.32
2024-03-02,43.592,32.144
2024-03-03,53.06,34.628
2024-03-04,62.618,37.058
2024-03-05,50.432,42.025999999999996
2024-03-06,53.402,40.568
2024-03-07,50.81,32.414
2024-03-08,54.734,26.006
2024-03-09,44.312,33.89
2024-03-10,38.462,27.554000000000002
2024-03-11,37.094,27.194
2024-03-12,50.774,28.454
2024-03-13,64.31,36.032000000000004
2024-03-14,61.376,38.966
2024-03-15,51.98,37.058
2024-03-16,51.35,31.874
2024-03-17,43.772,31.658
2024-03-18,36.338,28.292
2024-03-19,34.628,26.366
2024-03-20,35.653999999999996,24.224
2024-03-21,27.247999999999998,21.02
2024-03-22,30.073999999999998,19.238
2024-03-23,29.534,15.547999999999998
2024-03-24,31.298,12.559999999999999
2024-03-25,39.992,14.485999999999997
2024-03-26,54.122,30.488
2024-03-27,59.9,39.272
2024-03-28,40.532,31.442
2024-03-29,41.414,26.816000000000003
2024-03-30,46.148,28.22
2024-03-31,47.84,31.082
2024-04-01,55.94,32.612
2024-04-02,44.978,35.474000000000004
2024-04-03,46.616,32.9
2024-04-04,37.796,30.182
2024-04-05,36.769999999999996,30.272
2024-04-06,46.922,33.53
2024-04-07,53.114000000000004,29.642
2024-04-08,61.448,36.104
2024-04-09,72.734,39.938
2024-04-10,64.184,50.828
2024-04-11,67.352,52.178000000000004
2024-04-12,62.888,42.134
2024-04-13,44.69,37.706
2024-04-14,58.04600000000001,36.284
2024-04-15,56.84,37.778
2024-04-16,59.414,34.79
2024-04-17,55.58,39.002
2024-04-18,62.978,47.786
2024-04-19,57.884,46.292
2024-04-20,52.718,32.918
2024-04-21,46.598,30.344
2024-04-22,53.006,30.416
2024-04-23,63.212,36.626
2024-04-24,51.89,27.698
2024-04-25,50.378,23.972
2024-04-26,61.052,26.672
2024-04-27,54.068,40.244
2024-04-28,74.678,49.424
2024-04-29,70.736,49.676
2024-04-30,68.756,52.826
2024-05-01,71.222,48.758
2024-05-02,64.364,48.272
2024-05-03,72.212,47.156
2024-05-04,63.536,51.674
2024-05-05,60.656,49.028000000000006
2024-05-06,68,52.61
2024-05-07,73.31,44.492000000000004
2024-05-08,71.54599999999999,49.622
2024-05-09,63.392,43.628
2024-05-10,54.806,47.858000000000004
2024-05-11,60.224000000000004,46.562
2024-05-12,60.782,46.058
2024-05-13,66.236,45.77
2024-05-14,77.702,56.21
2024-05-15,63.806000000000004,56.678000000000004
2024-05-16,73.67,53.6
2024-05-17,73.184,56.912
2024-05-18,71.852,58.226
2024-05-19,79.52,55.922
2024-05-20,83.03,56.3
2024-05-21,83.102,65.03
2024-05-22,85.208,66.05600000000001
2024-05-23,76.226,57.182
2024-05-24,74.696,54.356
2024-05-25,75.542,50.468
2024-05-26,78.548,54.914
2024-05-27,78.71,63.968
2024-05-28,68.648,56.57
2024-05-29,67.244,49.694
2024-05-30,64.04,45.248000000000005
2024-05-31,68.846,43.232
2024-06-01,78.152,45.878
2024-06-02,80.348,55.94
2024-06-03,79.016,59.576
2024-06-04,84.884,59.95399999999999
2024-06-05,83.75,65.94800000000001
2024-06-06,80.348,60.152
2024-06-07,69.404,55.616
2024-06-08,70.196,54.716
2024-06-09,67.85600000000001,54.176
2024-06-10,64.4,51.638
2024-06-11,63.64399999999999,50.954
2024-06-12,71.78,49.928000000000004
2024-06-13,82.652,56.534
2024-06-14,77.55799999999999,57.344
2024-06-15,70.592,52.196
2024-06-16,79.52,49.82
2024-06-17,91.868,61.826
2024-06-18,96.24199999999999,71.168
2024-06-19,94.838,74.678
2024-06-20,93.128,74.012
2024-06-21,88.844,71.618
2024-06-22,84.74,70.34
2024-06-23,85.514,67.80199999999999
2024-06-24,74.912,60.548
2024-06-25,81.80600000000001,58.730000000000004
2024-06-26,83.498,63.824
2024-06-27,71.15,56.39
2024-06-28,75.92,51.656
2024-06-29,76.406,62.762
2024-06-30,78.836,58.964
2024-07-01,72.392,54.338
2024-07-02,78.368,55.652
2024-07-03,83.44399999999999,64.094
2024-07-04,90.69800000000001,67.78399999999999
2024-07-05,91.706,69.872
2024-07-06,85.85600000000001,68.63
2024-07-07,85.262,64.292
2024-07-08,91.076,67.154
2024-07-09,91.03999999999999,70.268
2024-07-10,90.95,71.366
2024-07-11,80.096,64.868
2024-07-12,84.992,63.571999999999996
2024-07-13,86.648,66.70400000000001
2024-07-14,94.91,64.616
2024-07-15,88.844,71.744
2024-07-16,85.982,67.496
2024-07-17,79.898,64.994
2024-07-18,76.47800000000001,59.324
2024-07-19,79.592,56.984
2024-07-20,84.812,58.459999999999994
2024-07-21,81.518,60.818
2024-07-22,87.782,64.31
2024-07-23,85.226,65.516
2024-07-24,86.414,66.164
2024-07-25,75.668,60.332
2024-07-26,79.7,58.982
2024-07-27,83.3,59.269999999999996
2024-07-28,93.578,59.522
2024-07-29,90.21200000000002,61.934
2024-07-30,90.30199999999999,66.182
2024-07-31,86.018,70.934
2024-08-01,92.11999999999999,68.504
2024-08-02,88.14200000000001,70.7
2024-08-03,83.732,69.908
2024-08-04,88.718,68.702
2024-08-05,86.846,65.12
2024-08-06,74.93,60.314
2024-08-07,79.376,55.688
2024-08-08,80.096,61.43
2024-08-09,77.30600000000001,68.324
2024-08-10,76.838,60.638
2024-08-11,73.616,59.809999999999995
2024-08-12,69.764,57.2
2024-08-13,76.838,56.498
2024-08-14,80.50999999999999,57.002
2024-08-15,80.564,59.936
2024-08-16,86.126,60.152
2024-08-17,81.41,63.302
2024-08-18,77.072,68.09
2024-08-19,68.738,54.482
2024-08-20,63.518,51.512
2024-08-21,64.49000000000001,53.15
2024-08-22,72.392,54.158
2024-08-23,77.036,53.762
2024-08-24,83.31800000000001,55.238
2024-08-25,83.822,63.302
2024-08-26,82.004,63.68
2024-08-27,92.336,61.412
2024-08-28,80.50999999999999,62.15
2024-08-29,78.746,58.315999999999995
2024-08-30,78.62,63.212
2024-08-31,82.02199999999999,65.642
2024-09-01,82.688,59.971999999999994
2024-09-02,66.686,51.26
2024-09-03,72.878,50.612
2024-09-04,76.64,50.756
2024-09-05,78.332,54.14
2024-09-06,80.258,54.932
2024-09-07,67.082,50.054
2024-09-08,64.04,46.796
2024-09-09,69.242,51.26
2024-09-10,72.248,52.538
2024-09-11,80.744,49.496
2024-09-12,84.956,56.641999999999996
2024-09-13,81.554,59.522
2024-09-14,84.05600000000001,60.098
2024-09-15,85.46000000000001,59.18
2024-09-16,82.868,59.918
2024-09-17,80.708,57.092
2024-09-18,76.37,56.858000000000004
2024-09-19,82.346,59.036
2024-09-20,82.67,57.02
2024-09-21,81.5,60.89
2024-09-22,81.014,60.565999999999995
2024-09-23,65.39,58.658
2024-09-24,68.666,57.02
2024-09-25,67.208,57.938
2024-09-26,69.908,60.08
2024-09-27,74.642,58.190000000000005
2024-09-28,75.218,58.622
2024-09-29,69.854,58.1
2024-09-30,73.292,57.29
2024-10-01,73.166,59.071999999999996
2024-10-02,64.472,53.834
2024-10-03,72.80600000000001,47.498
2024-10-04,74.96600000000001,51.656
2024-10-05,67.47800000000001,46.58
2024-10-06,73.508,45.482
2024-10-07,61.556000000000004,51.152
2024-10-08,61.736000000000004,44.096000000000004
2024-10-09,56.534,41.468
2024-10-10,53.996,39.578
2024-10-11,64.598,39.182
2024-10-12,60.908,43.304
2024-10-13,48.956,40.622
2024-10-14,44.78,39.524
2024-10-15,49.118,36.482
2024-10-16,49.91,34.898
2024-10-17,57.056,34.34
2024-10-18,63.464,35.69
2024-10-19,65.714,40.262
2024-10-20,69.062,38.138
2024-10-21,75.27199999999999,49.712
2024-10-22,78.71,50.036
2024-10-23,73.832,52.862
2024-10-24,53.582,39.146
2024-10-25,59.18,34.646
2024-10-26,53.635999999999996,39.56
2024-10-27,52.34,32.036
2024-10-28,56.48,34.556
2024-10-29,59.45,39.614000000000004
2024-10-30,73.544,50.612
2024-10-31,76.118,54.104
2024-11-01,67.586,44.78
2024-11-02,48.02,33.638
2024-11-03,52.106,35.78
2024-11-04,55.202,37.598
2024-11-05,71.024,50.576
2024-11-06,69.53,57.11
2024-11-07,56.3,40.856
2024-11-08,55.328,41.9
2024-11-09,48.002,32.828
2024-11-10,53.456,33.062
2024-11-11,58.406,44.078
2024-11-12,44.168,27.752000000000002
2024-11-13,46.4,23.756
2024-11-14,41.612,28.184
2024-11-15,50.882,30.74
2024-11-16,51.674,33.152
2024-11-17,51.728,32.504
2024-11-18,54.608000000000004,39.038
2024-11-19,53.744,37.328
2024-11-20,55.076,40.748000000000005
2024-11-21,45.302,34.844
2024-11-22,39.722,31.118
2024-11-23,42.35,33.692
2024-11-24,41.396,30.164
2024-11-25,44.474000000000004,27.374000000000002
2024-11-26,47.39,35.275999999999996
2024-11-27,42.620000000000005,32.702
2024-11-28,34.952,31.712
2024-11-29,35.078,27.086
2024-11-30,30.974,25.25
2024-12-01,30.992,22.856
2024-12-02,31.37,23.432000000000002
2024-12-03,30.704,22.928
2024-12-04,30.326,22.676000000000002
2024-12-05,31.874,24.926
2024-12-06,26.509999999999998,19.976
2024-12-07,30.434,21.902
2024-12-08,37.652,28.796
2024-12-09,36.482,28.94
2024-12-10,42.566,34.592
2024-12-11,42.908,30.254
2024-12-12,29.57,18.607999999999997
2024-12-13,26.132,17.456
2024-12-14,30.451999999999998,15.134
2024-12-15,31.316,15.529999999999998
2024-12-16,39.272,31.712
2024-12-17,41.504000000000005,30.65
2024-12-18,39.146,28.094
2024-12-19,32.63,25.178
2024-12-20,30.416,24.044
2024-12-21,22.676000000000002,10.508000000000003
2024-12-22,13.514000000000003,5.719999999999999
2024-12-23,25.196,4.3699999999999974
2024-12-24,33.566,19.832
2024-12-25,28.76,14.648
2024-12-26,29.408,13.64
2024-12-27,35.978,13.585999999999999
2024-12-28,42.745999999999995,31.298
2024-12-29,52.772,32.864
2024-12-30,52.879999999999995,35.204
2024-12-31,45.536,28.076
2025-01-01,37.202,31.838
2025-01-02,32.126,26.509999999999998
2025-01-03,28.562,22.082
2025-01-04,24.53,21.866
2025-01-05,25.7,19.292
2025-01-06,20.966,12.740000000000002
2025-01-07,21.164,14.54
2025-01-08,18.41,15.404
2025-01-09,21.235999999999997,17.114
2025-01-10,25.7,7.9879999999999995
2025-01-11,24.548000000000002,16.268
2025-01-12,32.702,19.418
2025-01-13,32.864,21.866
2025-01-14,22.082,15.908000000000001
2025-01-15,21.74,15.637999999999998
2025-01-16,21.992,10.166
2025-01-17,32.72,16.466
2025-01-18,32.774,28.616
2025-01-19,27.445999999999998,10.616
2025-01-20,15.602,0.6259999999999977
2025-01-21,11.858,-2.0379999999999967
2025-01-22,13.424,-8.716000000000001
2025-01-23,24.296,9.068000000000001
2025-01-24,22.712,11.497999999999998
2025-01-25,23.522,4.874000000000002
2025-01-26,29.642,15.206
2025-01-27,31.802,16.844
2025-01-28,28.544,14.36
2025-01-29,33.188,16.898
2025-01-30,26.384,11.57
2025-01-31,34.592,27.284
2025-02-01,25.07,-5.998000000000005
2025-02-02,24.404,-9.814
2025-02-03,34.556,24.458
2025-02-04,30.056,16.682
2025-02-05,21.254,6.5120000000000005
2025-02-06,33.494,7.268000000000001
2025-02-07,29.48,18.157999999999998
2025-02-08,27.5,11.047999999999998
2025-02-09,27.95,15.332
2025-02-10,25.502,15.925999999999998
2025-02-11,29.174,9.014000000000003
2025-02-12,29.3,9.661999999999999
2025-02-13,34.97,23.216
2025-02-14,22.964000000000002,15.475999999999999
2025-02-15,26.6,14.521999999999998
2025-02-16,32.558,18.535999999999998
2025-02-17,17.779999999999998,12.866
2025-02-18,16.502000000000002,9.482
2025-02-19,16.934,5.953999999999997
2025-02-20,16.34,8.402000000000001
2025-02-21,15.655999999999999,12.649999999999999
2025-02-22,30.83,11.66
2025-02-23,30.451999999999998,23.342
2025-02-24,34.088,21.632
2025-02-25,34.898,32.846
2025-02-26,37.076,29.534
2025-02-27,40.802,32.9
2025-02-28,35.924,24.62
2025-03-01,36.716,15.637999999999998
2025-03-02,16.196,9.014000000000003
2025-03-03,31.604,13.892
2025-03-04,44.798,23.828
2025-03-05,53.870000000000005,35.96
2025-03-06,46.184,25.592
2025-03-07,32.036,25.484
2025-03-08,29.137999999999998,24.026
2025-03-09,38.444,20.552
2025-03-10,52.952,29.804
2025-03-11,62.33,28.904
2025-03-12,37.49,23.198
2025-03-13,54.176,30.2
2025-03-14,62.042,29.966
2025-03-15,55.903999999999996,40.226
2025-03-16,63.878,45.41
2025-03-17,43.61,24.062
2025-03-18,56.516,23.99
2025-03-19,61.916000000000004,37.706
2025-03-20,60.476,34.61
2025-03-21,39.164,26.204
2025-03-22,44.726,23.701999999999998
2025-03-23,37.076,20.695999999999998
2025-03-24,47.912,31.154
2025-03-25,40.873999999999995,27.842
2025-03-26,36.374,26.42
2025-03-27,45.284,24.854
2025-03-28,54.608000000000004,28.796
2025-03-29,47.246,35.528
2025-03-30,59.918,37.147999999999996
2025-03-31,63.428000000000004,33.314
2025-04-01,39.38,26.15
2025-04-02,43.484,25.718
2025-04-03,66.30799999999999,42.314
2025-04-04,51.296,35.798
2025-04-05,52.808,38.894
2025-04-06,44.294,28.202
2025-04-07,47.786,25.880000000000003
2025-04-08,28.364,24.224
2025-04-09,38.228,23.252
2025-04-10,41.198,26.042
2025-04-11,44.096000000000004,33.224
2025-04-12,43.934,34.772
2025-04-13,53.528000000000006,35.978
2025-04-14,63.158,35.726
2025-04-15,54.824,34.988
2025-04-16,38.912,32.63
2025-04-17,50.684,29.39
2025-04-18,65.156,31.118
2025-04-19,73.05799999999999,44.456
2025-04-20,50.144,35.15
2025-04-21,63.35600000000001,35.672
2025-04-22,61.088,39.272
2025-04-23,65.012,36.194
2025-04-24,75.92,45.32
2025-04-25,69.25999999999999,55.508
2025-04-26,65.03,40.694
2025-04-27,56.318,38.552
2025-04-28,71.096,34.736
2025-04-29,76.496,48.236
2025-04-30,53.582,38.876
2025-05-01,67.586,36.95
2025-05-02,73.004,55.49
2025-05-03,56.678000000000004,48.47
2025-05-04,56.624,46.814
2025-05-05,66.866,52.178000000000004
2025-05-06,73.31,51.494
2025-05-07,63.176,51.8
2025-05-08,51.782,40.604
2025-05-09,49.01,39.686
2025-05-10,63.68,42.025999999999996
2025-05-11,60.512,42.08
2025-05-12,81.788,40.153999999999996
2025-05-13,73.202,56.57
2025-05-14,64.958,56.588
2025-05-15,75.812,54.338
2025-05-16,80.312,59.288
2025-05-17,77.054,52.736
2025-05-18,58.442,44.635999999999996
2025-05-19,53.294,38.696
2025-05-20,57.866,37.094
2025-05-21,56.246,45.014
2025-05-22,52.879999999999995,43.322
2025-05-23,50.36,45.788
2025-05-24,52.574,44.762
2025-05-25,60.29600000000001,45.626
2025-05-26,68.252,44.239999999999995
2025-05-27,72.5,50.468
2025-05-28,64.382,51.44
2025-05-29,66.56,51.458
2025-05-30,71.78,52.016
2025-05-31,55.112,46.148
2025-06-01,53.744,43.736
2025-06-02,68.054,41.018
2025-06-03,80.114,46.094
2025-06-04,84.794,56.876
2025-06-05,81.41,64.094
2025-06-06,72.19399999999999,61.574
2025-06-07,76.028,57.326
2025-06-08,75.164,54.194
2025-06-09,76.928,59.018
2025-06-10,73.706,57.038
2025-06-11,76.712,55.885999999999996
2025-06-12,71.492,53.708
2025-06-13,70.304,52.376
2025-06-14,73.724,56.462
2025-06-15,75.938,57.236
2025-06-16,75.038,59.792
2025-06-17,76.874,59.95399999999999
2025-06-18,82.67,67.352
2025-06-19,82.094,61.934
2025-06-20,73.148,58.766
2025-06-21,85.748,59.648
2025-06-22,84.18199999999999,70.592
2025-06-23,90.176,71.096
2025-06-24,91.544,70.718
2025-06-25,84.542,68.702
2025-06-26,73.94,62.690000000000005
2025-06-27,74.39,61.448
2025-06-28,83.228,62.959999999999994
2025-06-29,77.594,56.821999999999996
2025-06-30,87.61999999999999,60.602
2025-07-01,79.44800000000001,69.458
2025-07-02,81.014,63.662
2025-07-03,78.062,59.936
2025-07-04,74.55199999999999,55.525999999999996
2025-07-05,90.23,56.102000000000004
2025-07-06,90.068,70.214
2025-07-07,90.824,68.45
2025-07-08,80.6,65.156
2025-07-09,84.18199999999999,64.472
2025-07-10,88.178,65.732
2025-07-11,91.77799999999999,66.65
2025-07-12,88.05199999999999,69.656
2025-07-13,89.51,72.32
2025-07-14,86.522,72.59
2025-07-15,95.846,66.218
2025-07-16,90.68,68.072
2025-07-17,87.26,66.11
2025-07-18,76.118,58.946000000000005
2025-07-19,87.332,56.084
2025-07-20,80.906,65.516
2025-07-21,73.526,56.372
2025-07-22,76.388,52.052
2025-07-23,89.474,57.956
2025-07-24,94.622,66.956
2025-07-25,84.272,72.842
2025-07-26,87.872,66.578
2025-07-27,86.72,71.708
2025-07-28,95.522,67.78399999999999
2025-07-29,92.93,68.576
2025-07-30,90.78799999999998,68.108
2025-07-31,68.828,56.120000000000005
2025-08-01,76.406,53.204
2025-08-02,79.358,54.644
2025-08-03,85.64,56.39
2025-08-04,86.846,58.334
2025-08-05,88.68199999999999,63.338
2025-08-06,86.054,65.44399999999999
2025-08-07,86.23400000000001,63.32
2025-08-08,87.566,65.44399999999999
2025-08-09,91.796,64.886
2025-08-10,93.99199999999999,65.696
2025-08-11,93.542,63.446
2025-08-12,97.43,66.956
2025-08-13,87.782,70.80799999999999
2025-08-14,87.854,66.416
2025-08-15,89.88799999999999,61.466
2025-08-16,91.724,67.424
2025-08-17,86.576,58.604
2025-08-18,77.27,53.762
2025-08-19,80.564,57.038
2025-08-20,67.64,56.39
2025-08-21,78.638,55.832
2025-08-22,84.30799999999999,57.632
2025-08-23,85.208,62.582
2025-08-24,83.03,62.546
2025-08-25,74.93,58.586
2025-08-26,73.382,54.896
2025-08-27,68.63,55.22
2025-08-28,75.218,53.186
2025-08-29,66.182,50.054
2025-08-30,70.05199999999999,48.56
2025-08-31,76.334,47.804
2025-09-01,77.99000000000001,50.971999999999994
2025-09-02,80.798,55.076
2025-09-03,80.816,55.706
2025-09-04,79.25,56.120000000000005
2025-09-05,79.44800000000001,51.116
2025-09-06,66.524,54.716
2025-09-07,67.568,50.108000000000004
2025-09-08,70.214,47.498
2025-09-09,75.92,45.734
2025-09-10,77.972,50.432
2025-09-11,78.836,54.464
2025-09-12,77.30600000000001,53.132
2025-09-13,77.054,58.856
2025-09-14,79.646,58.334
2025-09-15,81.19399999999999,53.726
2025-09-16,82.148,54.752
2025-09-17,75.542,55.292
2025-09-18,81.482,52.016
2025-09-19,71.94200000000001,50.036
2025-09-20,71.96,43.862
2025-09-21,78.314,52.628
2025-09-22,75.398,56.588
2025-09-23,73.634,60.908
2025-09-24,72.608,59.288
2025-09-25,72.176,59.846000000000004
2025-09-26,75.398,58.55
2025-09-27,80.456,55.796
2025-09-28,79.754,57.11
2025-09-29,81.914,51.746
2025-09-30,77.432,49.604
2025-10-01,67.28,43.141999999999996
2025-10-02,70.7,41.36
2025-10-03,78.584,52.052
2025-10-04,84.25399999999999,53.294
2025-10-05,85.154,57.308
2025-10-06,83.696,54.68
2025-10-07,69.116,61.16
2025-10-08,63.733999999999995,44.33
2025-10-09,54.176,35.816
2025-10-10,62.995999999999995,33.224
2025-10-11,66.452,43.07
2025-10-12,68.504,48.614000000000004
2025-10-13,62.528000000000006,48.596000000000004
2025-10-14,62.6,48.379999999999995
2025-10-15,56.3,40.153999999999996
2025-10-16,53.996,35.888
2025-10-17,58.424,37.184
2025-10-18,65.55199999999999,44.275999999999996
2025-10-19,72.572,52.07
2025-10-20,57.092,49.442
2025-10-21,64.526,42.584
2025-10-22,53.996,44.564
2025-10-23,54.41,43.897999999999996
2025-10-24,49.622,39.686
2025-10-25,49.748,39.596
2025-10-26,52.808,32.468
2025-10-27,52.304,29.966
2025-10-28,54.86,32.594
2025-10-29,54.878,32.288
2025-10-30,53.870000000000005,39.128
2025-10-31,48.11,41.828
2025-11-01,47.912,34.718
2025-11-02,52.897999999999996,33.674
2025-11-03,55.058,38.786
2025-11-04,54.338,37.202
2025-11-05,55.022,35.69
2025-11-06,43.016,30.938
2025-11-07,50.918,30.686
2025-11-08,50.647999999999996,36.59
2025-11-09,43.934,33.908
2025-11-10,33.818,26.942
2025-11-11,32.378,25.862000000000002
2025-11-12,38.516,30.794
2025-11-13,39.542,35.6
2025-11-14,42.638,29.39
2025-11-15,52.484,26.906
2025-11-16,49.946,30.956
2025-11-17,35.204,30.02
2025-11-18,39.83,30.614
2025-11-19,41.198,27.122
2025-11-20,45.392,26.078
2025-11-21,48.379999999999995,30.524
2025-11-22,42.89,30.073999999999998
2025-11-23,42.278,29.714
2025-11-24,45.698,33.494
2025-11-25,47.444,37.238
2025-11-26,55.04,35.258
2025-11-27,37.49,30.83
2025-11-28,32.522,29.606
2025-11-29,32.9,27.212
2025-11-30,36.752,28.148
2025-12-01,32.45,21.578
2025-12-02,31.964,18.698
2025-12-03,32.378,17.546
2025-12-04,28.580000000000002,6.440000000000001
2025-12-05,24.584,0.12199999999999633
2025-12-06,32.036,13.262
2025-12-07,31.154,21.092
2025-12-08,22.892,7.484000000000002
2025-12-09,26.204,4.100000000000001
2025-12-10,32.27,26.6
2025-12-11,27.067999999999998,17.024
2025-12-12,27.41,13.765999999999998
2025-12-13,30.056,13.297999999999998
2025-12-14,19.094,13.928000000000004
2025-12-15,23.414,10.184000000000001
2025-12-16,25.106,8.149999999999999
2025-12-17,33.746,21.218
2025-12-18,37.688,18.302
2025-12-19,50.018,24.512
2025-12-20,33.98,24.817999999999998
2025-12-21,33.224,24.584
2025-12-22,33.962,22.892
2025-12-23,35.924,27.968
2025-12-24,35.366,26.438000000000002
2025-12-25,35.6,11.228000000000002
2025-12-26,21.451999999999998,8.474
2025-12-27,23.936,15.997999999999998
2025-12-28,33.26,12.776
2025-12-29,38.012,19.904
2025-12-30,21.614,18.157999999999998
2025-12-31,24.512,19.67
